               epoch,      train/box_loss,      train/obj_loss,      train/cls_loss,   metrics/precision,      metrics/recall,     metrics/mAP_0.5,metrics/mAP_0.5:0.95,        val/box_loss,        val/obj_loss,        val/cls_loss,               x/lr0,               x/lr1,               x/lr2
                   0,            0.078257,            0.030257,                   0,             0.32134,             0.34335,             0.25568,            0.086509,            0.058407,            0.075703,                   0,            0.067733,          0.00032593,          0.00032593
                   1,             0.06055,            0.025581,                   0,             0.72967,             0.66032,             0.72397,             0.29301,             0.03566,            0.036098,                   0,             0.03473,            0.000656,            0.000656
                   2,            0.052572,             0.02131,                   0,             0.80227,             0.72103,             0.79391,             0.30951,            0.034488,           0.0092083,                   0,           0.0017235,          0.00098277,          0.00098277
                   3,            0.047491,            0.019976,                   0,             0.85729,             0.79923,             0.89221,             0.52634,            0.026673,            0.011313,                   0,          0.00098515,          0.00098515,          0.00098515
                   4,            0.046506,            0.019117,                   0,             0.79287,             0.77215,             0.83271,             0.46773,            0.025814,           0.0092292,                   0,          0.00098515,          0.00098515,          0.00098515
                   5,            0.042077,            0.017465,                   0,             0.88543,             0.75107,             0.87252,             0.54777,             0.02368,           0.0076489,                   0,           0.0009802,           0.0009802,           0.0009802
                   6,            0.042254,             0.01757,                   0,             0.81788,             0.80954,             0.86613,             0.50064,            0.026012,           0.0072789,                   0,          0.00097525,          0.00097525,          0.00097525
                   7,             0.04011,            0.017194,                   0,             0.80796,             0.82833,             0.87893,             0.56573,            0.020834,           0.0075738,                   0,           0.0009703,           0.0009703,           0.0009703
                   8,            0.039185,            0.017427,                   0,             0.86006,             0.73858,             0.84653,             0.60025,            0.018891,           0.0066009,                   0,          0.00096535,          0.00096535,          0.00096535
                   9,            0.038805,            0.016598,                   0,              0.8599,             0.80258,             0.87013,             0.59808,             0.02179,           0.0072132,                   0,           0.0009604,           0.0009604,           0.0009604
                  10,            0.039281,             0.01643,                   0,             0.87906,             0.81545,             0.90144,              0.6164,             0.02164,           0.0062555,                   0,          0.00095545,          0.00095545,          0.00095545
                  11,            0.036601,            0.015544,                   0,             0.93391,             0.84908,             0.93839,             0.58527,            0.022266,           0.0065039,                   0,           0.0009505,           0.0009505,           0.0009505
                  12,            0.035976,            0.015394,                   0,             0.91622,               0.897,             0.92128,             0.60291,            0.022083,           0.0062126,                   0,          0.00094555,          0.00094555,          0.00094555
                  13,             0.03561,            0.015769,                   0,             0.84594,             0.77768,             0.85401,             0.60535,            0.019423,           0.0066351,                   0,           0.0009406,           0.0009406,           0.0009406
                  14,            0.037775,            0.015557,                   0,             0.86303,             0.89237,             0.92791,             0.64171,            0.019184,            0.007029,                   0,          0.00093565,          0.00093565,          0.00093565
                  15,            0.034701,            0.014607,                   0,             0.93554,             0.88412,             0.93965,             0.63161,            0.020446,           0.0060659,                   0,           0.0009307,           0.0009307,           0.0009307
                  16,            0.035326,            0.014813,                   0,             0.89797,             0.88412,              0.9358,             0.68673,            0.019236,           0.0057429,                   0,          0.00092575,          0.00092575,          0.00092575
                  17,             0.03346,              0.0147,                   0,             0.92681,             0.84979,              0.9463,             0.69688,            0.018483,           0.0055273,                   0,           0.0009208,           0.0009208,           0.0009208
                  18,            0.034775,            0.015524,                   0,             0.91093,             0.88841,              0.9451,              0.7074,            0.018122,           0.0055718,                   0,          0.00091585,          0.00091585,          0.00091585
                  19,            0.032544,            0.013739,                   0,              0.9149,             0.82833,             0.93067,              0.6875,            0.017204,           0.0058964,                   0,           0.0009109,           0.0009109,           0.0009109
                  20,            0.033802,            0.015025,                   0,             0.90717,             0.79828,             0.90485,             0.64779,            0.017808,            0.006338,                   0,          0.00090595,          0.00090595,          0.00090595
                  21,            0.034554,            0.014827,                   0,              0.9009,             0.89733,             0.93712,             0.66388,            0.018369,           0.0063427,                   0,            0.000901,            0.000901,            0.000901
                  22,            0.034282,            0.014631,                   0,             0.93915,              0.8927,             0.94401,             0.71758,            0.017458,           0.0048671,                   0,          0.00089605,          0.00089605,          0.00089605
                  23,            0.032223,            0.014464,                   0,              0.9136,             0.81687,             0.89681,             0.64598,            0.017463,           0.0060712,                   0,           0.0008911,           0.0008911,           0.0008911
                  24,             0.03169,            0.013583,                   0,             0.92868,             0.83829,             0.93687,             0.72347,            0.016188,           0.0050056,                   0,          0.00088615,          0.00088615,          0.00088615
                  25,             0.03294,            0.014236,                   0,              0.9526,              0.8626,             0.94399,             0.67468,            0.017805,           0.0052025,                   0,           0.0008812,           0.0008812,           0.0008812
                  26,            0.030421,             0.01323,                   0,             0.94377,             0.79246,             0.89258,             0.67527,            0.016895,           0.0055023,                   0,          0.00087625,          0.00087625,          0.00087625
                  27,            0.031867,            0.014606,                   0,             0.95374,             0.82833,             0.92566,             0.69825,            0.017476,           0.0054268,                   0,           0.0008713,           0.0008713,           0.0008713
                  28,             0.03115,            0.013681,                   0,             0.96558,             0.87124,             0.95691,             0.71938,             0.01653,           0.0054308,                   0,          0.00086635,          0.00086635,          0.00086635
                  29,            0.031214,             0.01349,                   0,             0.90842,             0.85145,             0.91515,             0.67714,            0.017154,           0.0055675,                   0,           0.0008614,           0.0008614,           0.0008614
                  30,            0.030697,             0.01346,                   0,             0.93532,             0.86886,             0.93858,             0.71245,            0.016354,           0.0050914,                   0,          0.00085645,          0.00085645,          0.00085645
                  31,            0.030868,             0.01333,                   0,             0.94007,             0.81974,              0.9234,             0.68777,            0.016851,           0.0056111,                   0,           0.0008515,           0.0008515,           0.0008515
                  32,            0.031676,            0.013511,                   0,             0.89868,             0.85408,             0.92922,             0.70519,            0.016694,           0.0051026,                   0,          0.00084655,          0.00084655,          0.00084655
                  33,             0.02931,            0.013432,                   0,             0.89862,             0.90129,             0.95482,             0.72506,            0.015973,           0.0046286,                   0,           0.0008416,           0.0008416,           0.0008416
                  34,            0.029805,            0.013837,                   0,             0.95634,             0.84603,             0.94782,             0.76114,            0.016804,           0.0048421,                   0,          0.00083665,          0.00083665,          0.00083665
                  35,            0.029095,            0.013132,                   0,             0.86934,             0.91416,             0.94042,              0.7157,            0.016297,           0.0053329,                   0,           0.0008317,           0.0008317,           0.0008317
                  36,            0.028897,             0.01306,                   0,             0.89218,             0.92704,             0.95283,             0.72841,            0.015873,           0.0049182,                   0,          0.00082675,          0.00082675,          0.00082675
                  37,             0.02914,            0.012959,                   0,             0.94575,             0.87554,             0.94885,             0.72648,            0.016253,           0.0049297,                   0,           0.0008218,           0.0008218,           0.0008218
                  38,            0.030044,            0.012765,                   0,             0.93724,             0.89726,             0.95759,             0.76726,            0.015302,           0.0045795,                   0,          0.00081685,          0.00081685,          0.00081685
                  39,            0.029927,            0.012517,                   0,              0.8986,             0.90129,             0.94624,             0.74224,            0.015701,           0.0047528,                   0,           0.0008119,           0.0008119,           0.0008119
                  40,            0.028769,             0.01274,                   0,             0.93419,               0.853,             0.94742,             0.76121,            0.014186,           0.0049083,                   0,          0.00080695,          0.00080695,          0.00080695
                  41,            0.028855,            0.013388,                   0,             0.96202,             0.86964,             0.95253,             0.73379,            0.014964,           0.0046943,                   0,            0.000802,            0.000802,            0.000802
                  42,             0.02892,            0.013024,                   0,             0.88275,             0.90477,             0.95331,             0.72798,            0.015227,           0.0045502,                   0,          0.00079705,          0.00079705,          0.00079705
                  43,            0.028336,            0.012459,                   0,             0.92415,             0.91845,             0.95687,             0.72654,            0.015664,           0.0045273,                   0,           0.0007921,           0.0007921,           0.0007921
                  44,            0.028433,            0.012462,                   0,             0.93817,             0.88412,              0.9548,             0.73779,            0.015609,           0.0046811,                   0,          0.00078715,          0.00078715,          0.00078715
                  45,            0.030324,            0.013492,                   0,             0.95812,             0.91416,             0.96377,              0.7849,            0.015149,           0.0043043,                   0,           0.0007822,           0.0007822,           0.0007822
                  46,            0.027599,            0.012151,                   0,             0.95338,              0.8927,             0.95562,             0.78315,            0.014141,           0.0043428,                   0,          0.00077725,          0.00077725,          0.00077725
                  47,            0.028317,            0.011836,                   0,             0.93386,             0.90897,             0.96853,             0.78315,             0.01413,           0.0041319,                   0,           0.0007723,           0.0007723,           0.0007723
                  48,            0.028729,            0.012294,                   0,             0.95864,             0.88841,             0.95029,             0.75067,            0.017235,           0.0045669,                   0,          0.00076735,          0.00076735,          0.00076735
                  49,            0.027306,            0.011956,                   0,             0.95418,             0.89378,             0.95613,              0.7663,            0.015043,           0.0046199,                   0,           0.0007624,           0.0007624,           0.0007624
                  50,            0.026718,             0.01152,                   0,             0.95411,             0.89231,             0.95342,             0.74841,            0.015824,           0.0055357,                   0,          0.00075745,          0.00075745,          0.00075745
                  51,             0.02813,            0.012176,                   0,             0.90584,             0.86266,             0.93569,             0.72967,            0.015068,           0.0050392,                   0,           0.0007525,           0.0007525,           0.0007525
                  52,            0.028744,            0.012909,                   0,               0.919,             0.92517,             0.95524,             0.78095,            0.014616,           0.0045462,                   0,          0.00074755,          0.00074755,          0.00074755
                  53,            0.027115,            0.011676,                   0,             0.95347,             0.87946,             0.95333,             0.75033,             0.01583,            0.004343,                   0,           0.0007426,           0.0007426,           0.0007426
                  54,            0.028379,            0.012403,                   0,             0.96561,             0.90987,             0.96643,             0.79551,            0.013822,           0.0043808,                   0,          0.00073765,          0.00073765,          0.00073765
                  55,             0.02674,             0.01183,                   0,             0.94169,             0.86266,             0.94882,              0.7745,            0.013896,           0.0045524,                   0,           0.0007327,           0.0007327,           0.0007327
                  56,            0.027419,            0.011989,                   0,             0.98186,             0.91416,             0.96993,             0.75492,            0.014475,           0.0040717,                   0,          0.00072775,          0.00072775,          0.00072775
                  57,            0.026687,            0.011886,                   0,             0.93849,             0.91672,             0.95973,             0.76915,            0.013807,           0.0049752,                   0,           0.0007228,           0.0007228,           0.0007228
                  58,            0.025767,             0.01176,                   0,             0.93928,             0.79663,             0.93152,             0.72548,             0.01519,           0.0052666,                   0,          0.00071785,          0.00071785,          0.00071785
                  59,            0.027686,            0.012183,                   0,             0.91514,             0.92568,             0.95893,             0.77793,            0.013677,           0.0041524,                   0,           0.0007129,           0.0007129,           0.0007129
                  60,            0.026028,            0.011582,                   0,             0.90876,             0.89767,             0.94063,             0.74936,            0.014351,           0.0048015,                   0,          0.00070795,          0.00070795,          0.00070795
                  61,            0.027537,            0.011848,                   0,             0.93315,             0.91845,             0.96969,             0.79629,             0.01362,           0.0041395,                   0,            0.000703,            0.000703,            0.000703
                  62,            0.026457,            0.011913,                   0,             0.91106,             0.92325,             0.95797,             0.73961,            0.014289,            0.004642,                   0,          0.00069805,          0.00069805,          0.00069805
                  63,            0.026421,            0.011439,                   0,             0.94884,             0.87554,              0.9505,              0.7694,            0.014871,            0.004654,                   0,           0.0006931,           0.0006931,           0.0006931
                  64,             0.02625,            0.012242,                   0,             0.89116,             0.91369,             0.94437,             0.77542,            0.013052,           0.0045436,                   0,          0.00068815,          0.00068815,          0.00068815
                  65,             0.02727,            0.012078,                   0,             0.91325,             0.92275,              0.9639,             0.78622,            0.013484,           0.0043227,                   0,           0.0006832,           0.0006832,           0.0006832
                  66,            0.025119,            0.011497,                   0,             0.94402,             0.94082,             0.97244,             0.82602,            0.013225,           0.0039093,                   0,          0.00067825,          0.00067825,          0.00067825
                  67,            0.026006,            0.011212,                   0,              0.9367,             0.88841,             0.95718,             0.75869,            0.014195,           0.0047976,                   0,           0.0006733,           0.0006733,           0.0006733
                  68,            0.025459,            0.010841,                   0,             0.97642,             0.88868,             0.95986,             0.80882,            0.013212,           0.0040518,                   0,          0.00066835,          0.00066835,          0.00066835
                  69,            0.025328,            0.010762,                   0,             0.92991,               0.897,             0.95631,             0.78075,            0.013776,           0.0047798,                   0,           0.0006634,           0.0006634,           0.0006634
                  70,            0.024719,            0.011068,                   0,                0.96,               0.897,             0.97256,             0.82561,            0.012847,           0.0039221,                   0,          0.00065845,          0.00065845,          0.00065845
                  71,            0.025606,              0.0117,                   0,             0.96946,             0.90987,             0.96636,             0.80462,            0.012931,           0.0040291,                   0,           0.0006535,           0.0006535,           0.0006535
                  72,            0.025695,            0.011527,                   0,             0.95911,             0.90613,             0.97022,             0.81099,            0.012725,           0.0039837,                   0,          0.00064855,          0.00064855,          0.00064855
                  73,            0.025411,            0.011371,                   0,             0.92787,             0.93991,             0.96393,             0.79412,            0.013273,           0.0040669,                   0,           0.0006436,           0.0006436,           0.0006436
                  74,            0.025666,            0.011477,                   0,             0.96406,             0.92092,             0.97793,             0.82774,            0.012789,           0.0038664,                   0,          0.00063865,          0.00063865,          0.00063865
                  75,            0.025946,            0.011645,                   0,             0.92695,             0.92587,             0.96129,             0.79234,            0.015158,            0.004318,                   0,           0.0006337,           0.0006337,           0.0006337
                  76,            0.025667,            0.011956,                   0,             0.95303,             0.92704,             0.97185,              0.8074,            0.013027,           0.0039916,                   0,          0.00062875,          0.00062875,          0.00062875
                  77,            0.025761,            0.011394,                   0,             0.96358,             0.90834,             0.97398,               0.791,            0.013178,           0.0041679,                   0,           0.0006238,           0.0006238,           0.0006238
                  78,            0.025092,            0.011768,                   0,             0.97284,             0.92231,             0.97915,             0.81912,            0.012571,           0.0038614,                   0,          0.00061885,          0.00061885,          0.00061885
                  79,            0.024864,            0.011346,                   0,             0.93572,             0.93711,             0.96594,              0.8226,            0.011817,           0.0038077,                   0,           0.0006139,           0.0006139,           0.0006139
                  80,            0.024681,            0.011213,                   0,             0.95549,             0.92132,             0.96434,             0.82009,            0.012008,           0.0041032,                   0,          0.00060895,          0.00060895,          0.00060895
                  81,            0.023808,            0.010738,                   0,             0.95465,             0.91845,             0.96864,              0.8108,            0.013368,           0.0041215,                   0,            0.000604,            0.000604,            0.000604
                  82,            0.024662,            0.010532,                   0,             0.96056,             0.94071,             0.97333,             0.82421,            0.012797,           0.0042455,                   0,          0.00059905,          0.00059905,          0.00059905
                  83,            0.025022,            0.010946,                   0,              0.9647,             0.93844,              0.9795,             0.82371,              0.0124,           0.0036391,                   0,           0.0005941,           0.0005941,           0.0005941
                  84,            0.025167,            0.011737,                   0,             0.97708,             0.93562,             0.97501,             0.82214,            0.012096,           0.0036635,                   0,          0.00058915,          0.00058915,          0.00058915
                  85,            0.025368,            0.010668,                   0,             0.96253,             0.93133,             0.97536,             0.82063,             0.01252,           0.0039006,                   0,           0.0005842,           0.0005842,           0.0005842
                  86,            0.023317,            0.010449,                   0,             0.95132,             0.92264,             0.96911,             0.80091,            0.012922,            0.004221,                   0,          0.00057925,          0.00057925,          0.00057925
                  87,            0.025409,            0.011084,                   0,             0.95805,             0.90987,             0.97205,             0.82245,            0.012469,           0.0038236,                   0,           0.0005743,           0.0005743,           0.0005743
                  88,            0.024711,            0.011128,                   0,              0.9056,             0.90579,             0.96181,             0.81173,            0.012519,           0.0041739,                   0,          0.00056935,          0.00056935,          0.00056935
                  89,            0.024628,            0.010614,                   0,              0.9554,              0.9193,             0.96058,             0.81476,            0.013085,           0.0040644,                   0,           0.0005644,           0.0005644,           0.0005644
                  90,            0.023636,           0.0097587,                   0,             0.95305,             0.90129,             0.96787,             0.80236,            0.013287,           0.0042071,                   0,          0.00055945,          0.00055945,          0.00055945
                  91,            0.024108,            0.010278,                   0,             0.97759,             0.93991,             0.96796,             0.81267,            0.013469,           0.0040422,                   0,           0.0005545,           0.0005545,           0.0005545
                  92,            0.023851,            0.010045,                   0,             0.95705,             0.93562,             0.96737,             0.81923,            0.012955,           0.0039593,                   0,          0.00054955,          0.00054955,          0.00054955
                  93,            0.023174,            0.010335,                   0,             0.94814,             0.94167,             0.96875,              0.8066,            0.012738,           0.0038773,                   0,           0.0005446,           0.0005446,           0.0005446
                  94,            0.024142,            0.010653,                   0,             0.97958,             0.92704,              0.9709,             0.81286,            0.012986,           0.0038085,                   0,          0.00053965,          0.00053965,          0.00053965
                  95,            0.023922,            0.011051,                   0,             0.91826,              0.8678,             0.95256,             0.77671,            0.012659,           0.0044684,                   0,           0.0005347,           0.0005347,           0.0005347
                  96,            0.024158,            0.010812,                   0,             0.94247,             0.91405,             0.96031,             0.81877,            0.012474,           0.0039109,                   0,          0.00052975,          0.00052975,          0.00052975
                  97,            0.024151,            0.010878,                   0,             0.94907,             0.93562,             0.96946,             0.83024,            0.012496,           0.0040423,                   0,           0.0005248,           0.0005248,           0.0005248
                  98,            0.023749,            0.010248,                   0,             0.96832,             0.91824,             0.96842,             0.82475,            0.013321,           0.0037686,                   0,          0.00051985,          0.00051985,          0.00051985
                  99,            0.022791,           0.0097116,                   0,             0.92804,             0.94096,             0.97334,             0.80598,            0.012781,           0.0040509,                   0,           0.0005149,           0.0005149,           0.0005149
                 100,            0.023525,            0.010664,                   0,             0.95574,             0.92683,             0.96959,             0.85228,            0.012065,           0.0039971,                   0,          0.00050995,          0.00050995,          0.00050995
                 101,             0.02383,            0.010412,                   0,             0.96365,              0.9101,             0.96315,             0.83259,            0.012854,           0.0043511,                   0,            0.000505,            0.000505,            0.000505
                 102,            0.022859,            0.010098,                   0,             0.97251,             0.91095,             0.97397,             0.82666,            0.012135,           0.0038514,                   0,          0.00050005,          0.00050005,          0.00050005
                 103,            0.022221,            0.009855,                   0,             0.94417,             0.94351,             0.98173,             0.82811,            0.012613,           0.0039231,                   0,           0.0004951,           0.0004951,           0.0004951
                 104,            0.022741,            0.009954,                   0,             0.94803,             0.93991,             0.98195,             0.84905,            0.011736,           0.0037171,                   0,          0.00049015,          0.00049015,          0.00049015
                 105,             0.02258,            0.010657,                   0,             0.97735,             0.92602,             0.97215,             0.84407,            0.011755,           0.0036287,                   0,           0.0004852,           0.0004852,           0.0004852
                 106,            0.023046,            0.010322,                   0,              0.9767,             0.89948,              0.9717,             0.85103,             0.01159,           0.0037325,                   0,          0.00048025,          0.00048025,          0.00048025
                 107,            0.022124,           0.0097919,                   0,             0.96754,             0.89548,             0.97081,             0.84245,            0.012076,           0.0038033,                   0,           0.0004753,           0.0004753,           0.0004753
                 108,            0.022488,            0.010043,                   0,             0.94223,             0.90997,             0.96532,             0.83724,            0.012506,           0.0039856,                   0,          0.00047035,          0.00047035,          0.00047035
                 109,            0.022778,            0.010461,                   0,             0.97254,             0.88841,             0.96938,             0.83906,            0.012015,           0.0036745,                   0,           0.0004654,           0.0004654,           0.0004654
                 110,            0.022418,             0.01003,                   0,             0.90762,             0.92764,             0.96178,             0.79541,            0.013093,           0.0040557,                   0,          0.00046045,          0.00046045,          0.00046045
                 111,            0.021943,            0.010175,                   0,             0.92667,             0.93133,             0.95554,             0.84399,            0.013143,           0.0036906,                   0,           0.0004555,           0.0004555,           0.0004555
                 112,            0.022546,           0.0096571,                   0,             0.97828,             0.90129,              0.9725,             0.86133,            0.011751,           0.0036333,                   0,          0.00045055,          0.00045055,          0.00045055
                 113,            0.022355,           0.0096339,                   0,              0.9819,             0.93118,              0.9783,              0.8629,            0.011914,           0.0035404,                   0,           0.0004456,           0.0004456,           0.0004456
                 114,            0.022153,            0.010095,                   0,             0.94845,             0.95708,             0.97423,              0.8523,            0.011875,           0.0035307,                   0,          0.00044065,          0.00044065,          0.00044065
                 115,            0.022711,            0.010999,                   0,             0.95048,             0.93991,             0.96831,             0.84708,            0.011615,           0.0037224,                   0,           0.0004357,           0.0004357,           0.0004357
                 116,            0.021617,           0.0095699,                   0,             0.95171,             0.93052,             0.97282,             0.84237,            0.011857,           0.0035501,                   0,          0.00043075,          0.00043075,          0.00043075
                 117,            0.021226,           0.0092648,                   0,             0.97321,             0.93546,             0.97799,             0.86176,            0.011715,           0.0035074,                   0,           0.0004258,           0.0004258,           0.0004258
                 118,            0.022153,            0.010206,                   0,              0.9777,             0.94093,             0.97588,              0.8621,            0.011667,           0.0037515,                   0,          0.00042085,          0.00042085,          0.00042085
                 119,            0.022346,           0.0098606,                   0,             0.98196,             0.93446,             0.97239,             0.83634,            0.012748,           0.0034838,                   0,           0.0004159,           0.0004159,           0.0004159
                 120,            0.022999,            0.009932,                   0,             0.93524,             0.90558,             0.97341,             0.85698,            0.011195,           0.0035514,                   0,          0.00041095,          0.00041095,          0.00041095
                 121,            0.021584,           0.0096095,                   0,             0.93418,             0.91371,              0.9692,             0.82788,            0.011778,           0.0037901,                   0,            0.000406,            0.000406,            0.000406
                 122,            0.021234,           0.0093594,                   0,             0.97706,             0.91384,              0.9739,             0.85141,            0.011615,           0.0037903,                   0,          0.00040105,          0.00040105,          0.00040105
                 123,            0.021146,           0.0092727,                   0,             0.94734,             0.92651,             0.97386,             0.85207,             0.01142,           0.0036308,                   0,           0.0003961,           0.0003961,           0.0003961
                 124,            0.020861,           0.0094616,                   0,             0.92804,             0.93562,             0.96698,             0.84361,            0.011989,           0.0037297,                   0,          0.00039115,          0.00039115,          0.00039115
                 125,             0.02087,           0.0096353,                   0,             0.91197,             0.93371,             0.95923,             0.85119,            0.011649,            0.004042,                   0,           0.0003862,           0.0003862,           0.0003862
                 126,            0.021583,           0.0098144,                   0,             0.94303,             0.93991,              0.9753,             0.86426,            0.011465,           0.0034655,                   0,          0.00038125,          0.00038125,          0.00038125
                 127,            0.020422,           0.0092078,                   0,             0.93183,             0.93133,             0.97342,             0.85666,            0.011369,           0.0034641,                   0,           0.0003763,           0.0003763,           0.0003763
                 128,            0.019824,           0.0092346,                   0,             0.97722,             0.92067,             0.97677,             0.86045,            0.011046,           0.0036289,                   0,          0.00037135,          0.00037135,          0.00037135
                 129,            0.021332,           0.0098247,                   0,             0.97508,             0.93133,             0.97486,             0.87488,            0.010942,           0.0035333,                   0,           0.0003664,           0.0003664,           0.0003664
                 130,            0.020978,           0.0090718,                   0,             0.95531,             0.91749,             0.96674,             0.85872,            0.011287,            0.003664,                   0,          0.00036145,          0.00036145,          0.00036145
                 131,            0.020319,            0.010037,                   0,             0.96387,             0.91592,             0.96893,             0.87368,            0.010862,           0.0035705,                   0,           0.0003565,           0.0003565,           0.0003565
                 132,            0.021083,            0.010033,                   0,             0.94991,             0.93991,             0.97311,             0.85922,            0.011424,           0.0036068,                   0,          0.00035155,          0.00035155,          0.00035155
                 133,            0.020559,           0.0091918,                   0,             0.95864,             0.91845,             0.97376,             0.85277,            0.011443,           0.0036208,                   0,           0.0003466,           0.0003466,           0.0003466
                 134,            0.020597,           0.0092778,                   0,             0.92523,              0.9485,             0.97528,             0.85448,            0.011308,           0.0037646,                   0,          0.00034165,          0.00034165,          0.00034165
                 135,            0.020914,           0.0095503,                   0,             0.95265,             0.95279,             0.97018,             0.86612,            0.012029,           0.0035685,                   0,           0.0003367,           0.0003367,           0.0003367
                 136,            0.020695,           0.0092088,                   0,             0.95757,              0.9485,             0.97804,             0.86945,             0.01143,           0.0035445,                   0,          0.00033175,          0.00033175,          0.00033175
                 137,            0.021073,           0.0091375,                   0,             0.97894,             0.92275,               0.971,             0.86817,            0.011604,           0.0037967,                   0,           0.0003268,           0.0003268,           0.0003268
                 138,            0.020884,           0.0096316,                   0,             0.96203,             0.92275,             0.96907,              0.8843,            0.010871,           0.0035118,                   0,          0.00032185,          0.00032185,          0.00032185
                 139,            0.019684,            0.008894,                   0,              0.9557,             0.95279,             0.97788,             0.86594,            0.011358,           0.0034892,                   0,           0.0003169,           0.0003169,           0.0003169
                 140,            0.020677,           0.0091682,                   0,             0.93832,             0.92704,             0.97046,             0.87231,            0.011455,           0.0035179,                   0,          0.00031195,          0.00031195,          0.00031195
                 141,             0.01995,           0.0090353,                   0,             0.96536,             0.92275,              0.9759,             0.85944,            0.011275,           0.0036634,                   0,            0.000307,            0.000307,            0.000307
                 142,            0.019355,           0.0086243,                   0,             0.97733,             0.93562,             0.97248,             0.87517,            0.011222,           0.0035083,                   0,          0.00030205,          0.00030205,          0.00030205
                 143,            0.019987,           0.0097023,                   0,             0.98115,             0.89354,             0.97715,             0.87042,            0.011097,           0.0035702,                   0,           0.0002971,           0.0002971,           0.0002971
                 144,            0.020314,           0.0089181,                   0,             0.96842,             0.92118,             0.97363,             0.86525,            0.011306,           0.0034466,                   0,          0.00029215,          0.00029215,          0.00029215
                 145,            0.019621,           0.0086856,                   0,             0.96487,             0.94314,             0.97437,             0.87036,            0.011187,            0.003489,                   0,           0.0002872,           0.0002872,           0.0002872
                 146,            0.020406,           0.0095642,                   0,             0.95611,             0.93562,             0.97551,              0.8761,            0.010769,           0.0034307,                   0,          0.00028225,          0.00028225,          0.00028225
                 147,            0.019399,           0.0090624,                   0,             0.94062,             0.95175,             0.97559,             0.87901,            0.010874,           0.0033104,                   0,           0.0002773,           0.0002773,           0.0002773
                 148,             0.01975,           0.0086676,                   0,             0.96475,             0.93967,             0.97881,             0.89164,            0.010906,           0.0033476,                   0,          0.00027235,          0.00027235,          0.00027235
                 149,            0.019426,           0.0085855,                   0,             0.96169,             0.93133,             0.97754,             0.87143,            0.010832,           0.0033379,                   0,           0.0002674,           0.0002674,           0.0002674
                 150,            0.019796,           0.0089057,                   0,             0.95977,             0.92148,             0.96698,             0.87077,            0.010867,           0.0034289,                   0,          0.00026245,          0.00026245,          0.00026245
                 151,            0.019554,           0.0086998,                   0,             0.97193,             0.94421,             0.97363,             0.88301,            0.011064,           0.0033586,                   0,           0.0002575,           0.0002575,           0.0002575
                 152,            0.018838,           0.0086443,                   0,             0.98175,             0.92704,             0.97253,             0.88186,            0.010762,           0.0035986,                   0,          0.00025255,          0.00025255,          0.00025255
                 153,            0.020403,           0.0092863,                   0,             0.96466,             0.93714,             0.97673,             0.88507,            0.010667,           0.0033182,                   0,           0.0002476,           0.0002476,           0.0002476
                 154,             0.01942,           0.0084981,                   0,              0.9729,             0.92445,             0.97185,             0.88495,            0.010968,           0.0034226,                   0,          0.00024265,          0.00024265,          0.00024265
                 155,            0.019399,           0.0088332,                   0,             0.94025,             0.93991,             0.96321,             0.87067,            0.011031,           0.0035293,                   0,           0.0002377,           0.0002377,           0.0002377
                 156,            0.019428,           0.0090058,                   0,             0.96092,             0.92704,             0.97159,             0.88323,            0.010646,           0.0034676,                   0,          0.00023275,          0.00023275,          0.00023275
                 157,             0.01867,           0.0084527,                   0,             0.96226,             0.92275,             0.97216,             0.88147,            0.010708,           0.0035009,                   0,           0.0002278,           0.0002278,           0.0002278
                 158,            0.018283,           0.0083704,                   0,             0.96422,             0.92275,             0.97462,             0.88277,            0.010742,           0.0034065,                   0,          0.00022285,          0.00022285,          0.00022285
                 159,            0.019845,           0.0092134,                   0,             0.96057,             0.94099,             0.97834,             0.88144,            0.010802,           0.0033735,                   0,           0.0002179,           0.0002179,           0.0002179
                 160,            0.018548,           0.0086694,                   0,             0.97709,             0.91525,             0.97352,             0.87485,            0.010637,           0.0034391,                   0,          0.00021295,          0.00021295,          0.00021295
                 161,            0.018608,           0.0091041,                   0,             0.97341,             0.94268,             0.97553,             0.87199,            0.011191,           0.0033741,                   0,            0.000208,            0.000208,            0.000208
                 162,            0.018324,           0.0084533,                   0,             0.95686,             0.95205,             0.97977,              0.8894,            0.010588,           0.0033394,                   0,          0.00020305,          0.00020305,          0.00020305
                 163,            0.018571,           0.0081436,                   0,             0.97783,              0.9465,             0.97836,             0.88975,            0.010678,           0.0032701,                   0,           0.0001981,           0.0001981,           0.0001981
                 164,            0.019032,           0.0083593,                   0,             0.96464,             0.93662,             0.97524,             0.88747,            0.010612,            0.003332,                   0,          0.00019315,          0.00019315,          0.00019315
                 165,            0.018634,           0.0083194,                   0,             0.95562,             0.92275,             0.97254,             0.88886,            0.010573,           0.0034253,                   0,           0.0001882,           0.0001882,           0.0001882
                 166,             0.01799,           0.0082247,                   0,             0.96471,             0.93849,             0.96856,             0.87967,            0.010743,           0.0032951,                   0,          0.00018325,          0.00018325,          0.00018325
                 167,            0.018182,           0.0088456,                   0,             0.93958,             0.93433,             0.96646,             0.87439,            0.011091,           0.0035005,                   0,           0.0001783,           0.0001783,           0.0001783
                 168,            0.017936,           0.0081181,                   0,             0.94495,             0.93133,             0.96949,             0.88772,            0.010786,           0.0033147,                   0,          0.00017335,          0.00017335,          0.00017335
                 169,            0.018417,           0.0083302,                   0,             0.95888,              0.9485,              0.9756,             0.89641,            0.010532,           0.0032487,                   0,           0.0001684,           0.0001684,           0.0001684
                 170,            0.018701,           0.0085728,                   0,             0.95641,             0.94157,             0.97285,             0.89047,            0.010492,           0.0033106,                   0,          0.00016345,          0.00016345,          0.00016345
                 171,            0.018121,           0.0082654,                   0,             0.96883,             0.93379,             0.96953,             0.89113,            0.010719,           0.0032448,                   0,           0.0001585,           0.0001585,           0.0001585
                 172,            0.018805,           0.0082963,                   0,             0.95658,             0.94545,             0.97381,             0.89971,            0.010353,           0.0032119,                   0,          0.00015355,          0.00015355,          0.00015355
                 173,            0.017891,           0.0085991,                   0,             0.94685,             0.91845,             0.97083,             0.89122,            0.010372,           0.0033223,                   0,           0.0001486,           0.0001486,           0.0001486
                 174,            0.018809,           0.0087431,                   0,             0.96862,             0.92746,              0.9776,             0.89517,            0.010351,           0.0032347,                   0,          0.00014365,          0.00014365,          0.00014365
                 175,            0.018365,           0.0085107,                   0,             0.94746,             0.92882,             0.97381,             0.88187,            0.010644,           0.0033552,                   0,           0.0001387,           0.0001387,           0.0001387
                 176,            0.018278,           0.0081461,                   0,             0.96554,             0.93562,             0.98122,             0.89443,            0.010269,           0.0032225,                   0,          0.00013375,          0.00013375,          0.00013375
                 177,            0.018566,           0.0079945,                   0,             0.96766,             0.93562,             0.97505,             0.89688,            0.010338,           0.0032662,                   0,           0.0001288,           0.0001288,           0.0001288
                 178,            0.017367,           0.0081542,                   0,             0.95322,             0.93562,             0.96906,             0.88773,            0.010534,           0.0031954,                   0,          0.00012385,          0.00012385,          0.00012385
                 179,            0.017607,           0.0080093,                   0,             0.94321,             0.95279,             0.97884,             0.89288,            0.010426,            0.003255,                   0,           0.0001189,           0.0001189,           0.0001189
                 180,            0.017923,           0.0085344,                   0,             0.97524,             0.94421,             0.97781,             0.89554,            0.010268,           0.0031523,                   0,          0.00011395,          0.00011395,          0.00011395
                 181,            0.017765,           0.0075941,                   0,             0.95654,             0.94456,             0.98002,             0.90003,             0.01042,           0.0032984,                   0,            0.000109,            0.000109,            0.000109
                 182,            0.017668,           0.0083355,                   0,             0.96433,             0.93991,             0.97503,             0.89344,            0.010437,           0.0032669,                   0,          0.00010405,          0.00010405,          0.00010405
                 183,            0.017272,           0.0078814,                   0,             0.96247,             0.93562,             0.97483,             0.89001,            0.010502,            0.003215,                   0,            9.91e-05,            9.91e-05,            9.91e-05
                 184,            0.017915,           0.0078917,                   0,             0.95797,             0.93991,             0.97584,             0.90064,            0.010243,           0.0031334,                   0,           9.415e-05,           9.415e-05,           9.415e-05
                 185,            0.018194,           0.0080217,                   0,             0.94609,             0.93991,             0.97324,             0.88888,            0.010254,           0.0032992,                   0,            8.92e-05,            8.92e-05,            8.92e-05
                 186,            0.017453,           0.0079699,                   0,             0.94773,             0.93562,             0.97732,             0.88158,            0.010444,            0.003329,                   0,           8.425e-05,           8.425e-05,           8.425e-05
                 187,            0.017959,           0.0080356,                   0,             0.94799,             0.93562,             0.97333,             0.89217,            0.010429,           0.0032121,                   0,            7.93e-05,            7.93e-05,            7.93e-05
                 188,            0.017422,           0.0080851,                   0,             0.94692,             0.93133,               0.975,             0.89211,            0.010282,           0.0033152,                   0,           7.435e-05,           7.435e-05,           7.435e-05
                 189,            0.018055,           0.0083278,                   0,             0.97765,             0.93866,             0.97652,             0.88961,             0.01032,           0.0032158,                   0,            6.94e-05,            6.94e-05,            6.94e-05
                 190,            0.016935,           0.0075981,                   0,             0.95178,             0.93181,             0.97867,             0.89896,            0.010224,           0.0032111,                   0,           6.445e-05,           6.445e-05,           6.445e-05
                 191,            0.017483,           0.0077463,                   0,             0.96514,             0.92275,             0.97503,             0.89824,            0.010208,           0.0032341,                   0,            5.95e-05,            5.95e-05,            5.95e-05
                 192,             0.01742,           0.0075761,                   0,             0.96684,             0.93562,             0.97193,             0.89246,            0.010366,           0.0032785,                   0,           5.455e-05,           5.455e-05,           5.455e-05
                 193,            0.017033,           0.0077671,                   0,             0.96851,             0.92387,             0.97179,             0.89311,            0.010296,           0.0032859,                   0,            4.96e-05,            4.96e-05,            4.96e-05
                 194,            0.017267,           0.0079725,                   0,             0.97586,             0.93562,             0.97928,             0.89643,            0.010176,           0.0032302,                   0,           4.465e-05,           4.465e-05,           4.465e-05
                 195,            0.017488,           0.0082549,                   0,             0.98013,             0.93133,             0.98008,             0.89862,            0.010185,           0.0032446,                   0,            3.97e-05,            3.97e-05,            3.97e-05
                 196,            0.016601,           0.0081295,                   0,             0.97963,             0.92704,              0.9793,             0.89754,            0.010129,           0.0032665,                   0,           3.475e-05,           3.475e-05,           3.475e-05
                 197,             0.01738,           0.0079984,                   0,             0.96912,             0.94273,             0.97567,              0.8944,            0.010161,           0.0032725,                   0,            2.98e-05,            2.98e-05,            2.98e-05
                 198,            0.016778,           0.0076007,                   0,             0.96806,             0.93991,             0.97526,             0.89361,            0.010154,           0.0032848,                   0,           2.485e-05,           2.485e-05,           2.485e-05
                 199,            0.016246,           0.0073425,                   0,             0.96887,             0.93991,             0.97963,             0.89952,            0.010128,           0.0032701,                   0,            1.99e-05,            1.99e-05,            1.99e-05
